Language,Program,PowerLimit,Package,Core,GPU,DRAM,Time,Temperature,Memory
Java, avrora, -1,95.388549804687500000, 86.098937988281250000,  ,  , 3352, 50.4, 118288
Java, avrora, -1,95.057006835937500000, 86.035278320312500000,  ,  , 3305, 51.4, 111336
Java, avrora, -1,94.785522460937500000, 85.811950683593750000,  ,  , 3234, 53.0, 108760
Java, avrora, -1,97.049316406250000000, 87.412902832031250000,  ,  , 3406, 54.8, 106288
Java, avrora, -1,97.835144042968750000, 87.864501953125000000,  ,  , 3427, 54.5, 116404
Java, avrora, -1,95.975097656250000000, 86.668579101562500000,  ,  , 3274, 56.6, 119176
Java, avrora, -1,97.476806640625000000, 87.499694824218750000,  ,  , 3424, 53.6, 119948
Java, avrora, -1,97.091125488281250000, 87.455078125000000000,  ,  , 3378, 56.8, 115172
Java, avrora, -1,97.725402832031250000, 88.064514160156250000,  ,  , 3348, 54.7, 115428
Java, avrora, -1,97.383911132812500000, 87.705261230468750000,  ,  , 3345, 54.4, 123324
Java, batik, -1,91.385681152343750000, 81.868591308593750000,  ,  , 2506, 53.6, 489460
Java, batik, -1,91.013732910156250000, 81.242553710937500000,  ,  , 2515, 52.8, 459028
Java, batik, -1,91.658569335937500000, 81.907165527343750000,  ,  , 2549, 53.1, 471760
Java, batik, -1,92.035827636718750000, 82.241699218750000000,  ,  , 2519, 53.6, 472328
Java, batik, -1,91.132019042968750000, 81.502807617187500000,  ,  , 2572, 52.5, 474464
Java, batik, -1,91.917358398437500000, 81.945556640625000000,  ,  , 2546, 54.0, 479864
Java, batik, -1,93.341491699218750000, 83.421875000000000000,  ,  , 2594, 54.2, 482480
Java, batik, -1,93.012756347656250000, 82.978637695312500000,  ,  , 2592, 55.1, 458660
Java, batik, -1,89.842346191406250000, 80.344482421875000000,  ,  , 2515, 53.1, 483180
Java, batik, -1,92.465209960937500000, 82.426818847656250000,  ,  , 2629, 52.1, 460448
Java, biojava, -1,147.892761230468750000, 126.841979980468750000,  ,  , 5759, 59.0, 763248
Java, biojava, -1,145.134704589843750000, 124.859313964843750000,  ,  , 5862, 54.5, 758948
Java, biojava, -1,144.327636718750000000, 124.125366210937500000,  ,  , 5823, 54.9, 725568
Java, biojava, -1,145.031799316406250000, 125.046997070312500000,  ,  , 5830, 53.9, 773704
Java, biojava, -1,144.614074707031250000, 124.293212890625000000,  ,  , 5838, 54.7, 744324
Java, biojava, -1,140.895751953125000000, 120.378112792968750000,  ,  , 5855, 54.4, 744900
Java, biojava, -1,143.892944335937500000, 123.684997558593750000,  ,  , 5759, 56.1, 734464
Java, biojava, -1,143.853637695312500000, 123.479858398437500000,  ,  , 5822, 53.1, 913984
Java, biojava, -1,143.759704589843750000, 123.680847167968750000,  ,  , 5786, 53.6, 729256
Java, biojava, -1,146.453430175781250000, 126.097045898437500000,  ,  , 5905, 54.1, 771304
Java, eclipse, -1,677.029724121093750000, 596.701660156250000000,  ,  , 15783, 65.0, 1001200
Java, eclipse, -1,678.590637207031250000, 597.703002929687500000,  ,  , 15661, 63.1, 1023880
Java, eclipse, -1,669.982788085937500000, 589.276367187500000000,  ,  , 15817, 66.5, 1031780
Java, eclipse, -1,680.563171386718750000, 597.959228515625000000,  ,  , 15982, 65.5, 1084512
Java, eclipse, -1,667.381530761718750000, 587.391601562500000000,  ,  , 15828, 65.1, 1022652
Java, eclipse, -1,673.810607910156250000, 591.839416503906250000,  ,  , 15909, 66.5, 960364
Java, eclipse, -1,672.828247070312500000, 591.809020996093750000,  ,  , 15876, 66.3, 1262856
Java, eclipse, -1,684.154052734375000000, 600.422729492187500000,  ,  , 16179, 64.9, 1150200
Java, eclipse, -1,673.548889160156250000, 592.510131835937500000,  ,  , 15885, 64.9, 1076060
Java, eclipse, -1,671.688781738281250000, 589.827209472656250000,  ,  , 15942, 65.7, 1170624
Java, kafka, -1,213.516235351562500000, 179.794738769531250000,  ,  , 8443, 51.7, 873072
Java, kafka, -1,216.191772460937500000, 182.685974121093750000,  ,  , 8386, 50.6, 697552
Java, kafka, -1,212.157043457031250000, 179.062866210937500000,  ,  , 8420, 49.1, 626416
Java, kafka, -1,212.879272460937500000, 177.508056640625000000,  ,  , 8394, 51.6, 739472
Java, kafka, -1,221.524963378906250000, 184.549621582031250000,  ,  , 8489, 51.5, 717328
Java, kafka, -1,215.407714843750000000, 179.520507812500000000,  ,  , 8413, 51.4, 775928
Java, kafka, -1,217.825256347656250000, 181.970947265625000000,  ,  , 8455, 51.9, 709240
Java, kafka, -1,219.746520996093750000, 183.618408203125000000,  ,  , 8454, 51.9, 791108
Java, kafka, -1,216.665527343750000000, 181.181640625000000000,  ,  , 8306, 51.5, 732684
Java, kafka, -1,217.458129882812500000, 181.248107910156250000,  ,  , 8476, 52.3, 714492
Java, spring, -1,458.559265136718750000, 407.019104003906250000,  ,  , 8923, 63.1, 1520520
Java, spring, -1,446.506530761718750000, 397.062683105468750000,  ,  , 8612, 60.5, 1434708
Java, spring, -1,449.604003906250000000, 398.931030273437500000,  ,  , 8740, 61.8, 1378752
Java, spring, -1,440.286743164062500000, 391.289001464843750000,  ,  , 8594, 60.7, 1419236
Java, spring, -1,448.282775878906250000, 397.982971191406250000,  ,  , 8784, 60.6, 1487868
Java, spring, -1,455.025451660156250000, 404.671569824218750000,  ,  , 8750, 59.3, 1475188
Java, spring, -1,449.622009277343750000, 399.474975585937500000,  ,  , 8822, 61.4, 1549512
Java, spring, -1,443.490539550781250000, 393.931518554687500000,  ,  , 8660, 60.4, 1335672
Java, spring, -1,457.014648437500000000, 406.015625000000000000,  ,  , 8870, 60.8, 1555320
Java, spring, -1,449.037719726562500000, 398.770385742187500000,  ,  , 8763, 62.2, 1546228
Java, tomcat, -1,325.979003906250000000, 285.196105957031250000,  ,  , 8929, 51.7, 629772
Java, tomcat, -1,327.626342773437500000, 286.791687011718750000,  ,  , 8944, 56.6, 695132
Java, tomcat, -1,331.078857421875000000, 290.018188476562500000,  ,  , 8943, 51.8, 616412
Java, tomcat, -1,333.114318847656250000, 291.359252929687500000,  ,  , 9028, 52.9, 703128
Java, tomcat, -1,326.638305664062500000, 285.927490234375000000,  ,  , 8945, 56.4, 651540
Java, tomcat, -1,334.245605468750000000, 292.807922363281250000,  ,  , 9012, 53.4, 655280
Java, tomcat, -1,335.236511230468750000, 293.351013183593750000,  ,  , 9081, 53.1, 696552
Java, tomcat, -1,325.636291503906250000, 284.941711425781250000,  ,  , 8990, 52.9, 657084
Java, tomcat, -1,326.194519042968750000, 285.501342773437500000,  ,  , 8929, 52.0, 698540
Java, tomcat, -1,330.676879882812500000, 290.151977539062500000,  ,  , 8980, 52.5, 655888
Java, graphchi, -1,228.600280761718750000, 198.085021972656250000,  ,  , 9167, 47.9, 1344960
Java, graphchi, -1,225.018920898437500000, 194.893066406250000000,  ,  , 8972, 51.3, 1647588
Java, graphchi, -1,232.273376464843750000, 203.207702636718750000,  ,  , 8964, 47.9, 1491904
Java, graphchi, -1,233.672180175781250000, 204.177673339843750000,  ,  , 8766, 49.2, 1692816
Java, graphchi, -1,223.833740234375000000, 193.919494628906250000,  ,  , 8849, 48.6, 1332652
Java, graphchi, -1,222.592163085937500000, 193.130676269531250000,  ,  , 8859, 46.8, 1462092
Java, graphchi, -1,225.143371582031250000, 195.698730468750000000,  ,  , 9192, 49.9, 1543296
Java, graphchi, -1,237.707946777343750000, 207.387878417968750000,  ,  , 9041, 53.1, 1318780
Java, graphchi, -1,222.106323242187500000, 193.038818359375000000,  ,  , 8926, 50.2, 1389856
Java, graphchi, -1,231.835571289062500000, 203.311218261718750000,  ,  , 8303, 51.0, 1472672
Java, jme, -1,62.717346191406250000, 40.477416992187500000,  ,  , 7641, 43.2, 225924
Java, jme, -1,59.851562500000000000, 38.400268554687500000,  ,  , 7614, 40.9, 215484
Java, jme, -1,61.320556640625000000, 39.528076171875000000,  ,  , 7610, 41.4, 198260
Java, jme, -1,60.643005371093750000, 39.217285156250000000,  ,  , 7628, 42.2, 208696
Java, jme, -1,61.032165527343750000, 39.492126464843750000,  ,  , 7634, 43.5, 224744
Java, jme, -1,60.696411132812500000, 38.639770507812500000,  ,  , 7633, 43.5, 202084
Java, jme, -1,62.322326660156250000, 40.561645507812500000,  ,  , 7633, 44.4, 220596
Java, jme, -1,61.782287597656250000, 39.683044433593750000,  ,  , 7650, 42.6, 202132
Java, jme, -1,61.516967773437500000, 39.667358398437500000,  ,  , 7609, 41.6, 203340
Java, jme, -1,61.855957031250000000, 39.777770996093750000,  ,  , 7631, 41.3, 205520
Java, jython, -1,211.116333007812500000, 188.214721679687500000,  ,  , 5784, 57.9, 868308
Java, jython, -1,215.936157226562500000, 191.927551269531250000,  ,  , 5971, 55.6, 861640
Java, jython, -1,216.064941406250000000, 192.870117187500000000,  ,  , 5807, 57.2, 802740
Java, jython, -1,218.673034667968750000, 195.267517089843750000,  ,  , 5794, 58.0, 828276
Java, jython, -1,217.764221191406250000, 194.837280273437500000,  ,  , 5730, 55.9, 859500
Java, jython, -1,215.803833007812500000, 192.823669433593750000,  ,  , 5628, 55.9, 806968
Java, jython, -1,214.005676269531250000, 190.315185546875000000,  ,  , 5874, 55.4, 812984
Java, jython, -1,217.534057617187500000, 194.233093261718750000,  ,  , 5782, 60.1, 821012
Java, jython, -1,214.763671875000000000, 191.552673339843750000,  ,  , 5838, 57.1, 829764
Java, jython, -1,217.374267578125000000, 194.125549316406250000,  ,  , 5843, 56.5, 878904
Java, avrora, 5,76.536926269531250000, 37.369079589843750000,  ,  , 15203, 40.0, 113244
Java, avrora, 5,77.472900390625000000, 37.521423339843750000,  ,  , 15359, 40.2, 115728
Java, avrora, 5,73.132080078125000000, 36.912475585937500000,  ,  , 14438, 40.2, 110840
Java, avrora, 5,77.351196289062500000, 37.686096191406250000,  ,  , 15363, 40.1, 107952
Java, avrora, 5,77.643066406250000000, 37.669067382812500000,  ,  , 15393, 40.9, 116788
Java, avrora, 5,77.942016601562500000, 37.980224609375000000,  ,  , 15488, 41.0, 119016
Java, avrora, 5,76.243103027343750000, 37.816894531250000000,  ,  , 15125, 40.5, 112544
Java, avrora, 5,78.113281250000000000, 38.221862792968750000,  ,  , 15534, 41.0, 112464
Java, avrora, 5,78.895263671875000000, 38.524963378906250000,  ,  , 15624, 41.1, 114588
Java, avrora, 5,74.217956542968750000, 37.488891601562500000,  ,  , 14710, 41.1, 119568
Java, batik, 5,67.433776855468750000, 32.487304687500000000,  ,  , 12676, 41.2, 446244
Java, batik, 5,71.358032226562500000, 34.151672363281250000,  ,  , 13693, 41.1, 463932
Java, batik, 5,67.643371582031250000, 32.786926269531250000,  ,  , 12739, 41.1, 438140
Java, batik, 5,67.232971191406250000, 32.631347656250000000,  ,  , 12783, 41.5, 477884
Java, batik, 5,68.771667480468750000, 32.188415527343750000,  ,  , 13456, 41.1, 460836
Java, batik, 5,71.587341308593750000, 32.225952148437500000,  ,  , 14913, 40.9, 444828
Java, batik, 5,68.237792968750000000, 32.917724609375000000,  ,  , 13490, 41.6, 435388
Java, batik, 5,71.994445800781250000, 33.529418945312500000,  ,  , 14333, 41.5, 445320
Java, batik, 5,73.601379394531250000, 33.927734375000000000,  ,  , 14641, 41.9, 469204
Java, batik, 5,68.532348632812500000, 32.562255859375000000,  ,  , 13697, 40.9, 451204
Java, biojava, 5,94.146057128906250000, 43.432067871093750000,  ,  , 18772, 40.9, 683516
Java, biojava, 5,93.375488281250000000, 43.177551269531250000,  ,  , 18610, 41.1, 706448
Java, biojava, 5,93.233337402343750000, 43.056335449218750000,  ,  , 18634, 41.0, 693692
Java, biojava, 5,92.070251464843750000, 42.944885253906250000,  ,  , 18349, 40.9, 715040
Java, biojava, 5,94.247436523437500000, 43.523742675781250000,  ,  , 18764, 41.0, 743148
Java, biojava, 5,91.129760742187500000, 43.307983398437500000,  ,  , 18210, 40.1, 716772
Java, biojava, 5,92.152587890625000000, 43.071472167968750000,  ,  , 18392, 40.8, 706632
Java, biojava, 5,95.657287597656250000, 42.744262695312500000,  ,  , 19068, 40.9, 718096
Java, biojava, 5,90.729248046875000000, 43.170776367187500000,  ,  , 18119, 40.1, 725532
Java, biojava, 5,90.401489257812500000, 43.064086914062500000,  ,  , 18039, 40.2, 715940
Java, eclipse, 5,610.192810058593750000, 265.793395996093750000,  ,  , 117099, 40.4, 1182084
Java, eclipse, 5,615.221557617187500000, 270.023559570312500000,  ,  , 117774, 40.9, 1141696
Java, eclipse, 5,618.559509277343750000, 269.605041503906250000,  ,  , 119011, 40.6, 1274868
Java, eclipse, 5,609.534118652343750000, 267.125000000000000000,  ,  , 116821, 40.8, 1138896
Java, eclipse, 5,613.758361816406250000, 270.666931152343750000,  ,  , 117263, 41.2, 763728
Java, eclipse, 5,610.699401855468750000, 267.196716308593750000,  ,  , 117595, 40.1, 1331844
Java, eclipse, 5,598.471069335937500000, 261.293090820312500000,  ,  , 115171, 40.6, 999472
Java, eclipse, 5,675.988220214843750000, 299.455383300781250000,  ,  , 127049, 41.3, 1167312
Java, eclipse, 5,607.010681152343750000, 266.584838867187500000,  ,  , 117864, 40.9, 1198388
Java, eclipse, 5,617.433105468750000000, 268.275451660156250000,  ,  , 117160, 41.1, 1462228
Java, kafka, 5,168.986328125000000000, 68.221130371093750000,  ,  , 34117, 40.0, 869200
Java, kafka, 5,166.337097167968750000, 68.250488281250000000,  ,  , 32154, 40.5, 881428
Java, kafka, 5,168.226867675781250000, 68.883911132812500000,  ,  , 33330, 40.0, 814188
Java, kafka, 5,170.080932617187500000, 69.857666015625000000,  ,  , 33211, 40.3, 920108
Java, kafka, 5,168.656982421875000000, 69.161071777343750000,  ,  , 33686, 39.8, 887500
Java, kafka, 5,167.602111816406250000, 68.285217285156250000,  ,  , 32503, 40.0, 889772
Java, kafka, 5,172.762268066406250000, 71.279418945312500000,  ,  , 33961, 39.8, 853296
Java, kafka, 5,170.653503417968750000, 70.095642089843750000,  ,  , 33396, 39.9, 856492
Java, kafka, 5,168.456115722656250000, 68.400085449218750000,  ,  , 33468, 40.0, 826156
Java, kafka, 5,169.716369628906250000, 69.865417480468750000,  ,  , 32759, 40.0, 830224
Java, spring, 5,355.806030273437500000, 176.483642578125000000,  ,  , 55192, 40.6, 1665740
Java, spring, 5,356.075500488281250000, 173.537719726562500000,  ,  , 55616, 41.6, 1740280
Java, spring, 5,363.411315917968750000, 177.638183593750000000,  ,  , 56722, 41.7, 1734044
Java, spring, 5,360.882202148437500000, 176.383972167968750000,  ,  , 56237, 41.8, 1656400
Java, spring, 5,362.752868652343750000, 177.251525878906250000,  ,  , 56116, 41.9, 1772560
Java, spring, 5,362.433715820312500000, 177.557128906250000000,  ,  , 56240, 42.1, 1803524
Java, spring, 5,366.455017089843750000, 178.332763671875000000,  ,  , 56572, 42.4, 1780152
Java, spring, 5,360.295471191406250000, 175.246154785156250000,  ,  , 55721, 41.6, 1765588
Java, spring, 5,361.536437988281250000, 174.633300781250000000,  ,  , 56009, 42.4, 1811096
Java, spring, 5,351.133666992187500000, 171.185729980468750000,  ,  , 54380, 42.9, 1816748
Java, tomcat, 5,228.553344726562500000, 116.269714355468750000,  ,  , 34290, 42.6, 930288
Java, tomcat, 5,234.731506347656250000, 118.480651855468750000,  ,  , 34948, 42.2, 937956
Java, tomcat, 5,260.924621582031250000, 129.246459960937500000,  ,  , 39929, 42.2, 878392
Java, tomcat, 5,250.631652832031250000, 124.573059082031250000,  ,  , 39933, 42.3, 937516
Java, tomcat, 5,244.937805175781250000, 123.294006347656250000,  ,  , 39607, 42.5, 896348
Java, tomcat, 5,253.948974609375000000, 127.110595703125000000,  ,  , 40421, 42.3, 955576
Java, tomcat, 5,245.136047363281250000, 123.087524414062500000,  ,  , 39534, 42.4, 928744
Java, tomcat, 5,248.454772949218750000, 123.431091308593750000,  ,  , 40050, 41.9, 921924
Java, tomcat, 5,246.294250488281250000, 123.516174316406250000,  ,  , 39923, 41.9, 915788
Java, tomcat, 5,247.344482421875000000, 123.473327636718750000,  ,  , 39746, 42.5, 872932
Java, graphchi, 5,169.256286621093750000, 84.248046875000000000,  ,  , 33480, 39.9, 1518776
Java, graphchi, 5,171.901062011718750000, 84.416931152343750000,  ,  , 34319, 39.9, 1388540
Java, graphchi, 5,164.936401367187500000, 82.688842773437500000,  ,  , 32927, 39.6, 1261612
Java, graphchi, 5,175.807983398437500000, 86.620422363281250000,  ,  , 34985, 39.2, 1422840
Java, graphchi, 5,170.396545410156250000, 85.628173828125000000,  ,  , 34102, 39.2, 1384664
Java, graphchi, 5,177.830200195312500000, 86.781677246093750000,  ,  , 35424, 39.6, 1442584
Java, graphchi, 5,165.806823730468750000, 83.655212402343750000,  ,  , 33076, 39.3, 1436032
Java, graphchi, 5,174.546203613281250000, 85.424804687500000000,  ,  , 34996, 39.2, 1262556
Java, graphchi, 5,168.053710937500000000, 84.618469238281250000,  ,  , 33698, 38.9, 1320860
Java, graphchi, 5,181.783264160156250000, 89.201293945312500000,  ,  , 36264, 38.7, 1180468
Java, jme, 5,46.000183105468750000, 21.015258789062500000,  ,  , 9958, 40.6, 222828
Java, jme, 5,46.359863281250000000, 20.144714355468750000,  ,  , 9824, 40.0, 216272
Java, jme, 5,46.190734863281250000, 20.004943847656250000,  ,  , 9954, 41.3, 218116
Java, jme, 5,46.047973632812500000, 19.865844726562500000,  ,  , 9960, 40.6, 208860
Java, jme, 5,46.532958984375000000, 19.939208984375000000,  ,  , 9991, 41.4, 218020
Java, jme, 5,45.734741210937500000, 19.810729980468750000,  ,  , 9855, 40.6, 215092
Java, jme, 5,45.020751953125000000, 20.491577148437500000,  ,  , 9792, 41.4, 225348
Java, jme, 5,45.938110351562500000, 19.998168945312500000,  ,  , 9825, 41.2, 225708
Java, jme, 5,47.729003906250000000, 20.343322753906250000,  ,  , 10168, 41.0, 206532
Java, jme, 5,46.037658691406250000, 19.611328125000000000,  ,  , 9969, 40.3, 215260
Java, jython, 5,158.667419433593750000, 73.826477050781250000,  ,  , 30407, 39.5, 866264
Java, jython, 5,159.139892578125000000, 73.582336425781250000,  ,  , 31245, 39.9, 930316
Java, jython, 5,160.851684570312500000, 72.613891601562500000,  ,  , 32383, 38.6, 825032
Java, jython, 5,161.479370117187500000, 74.490478515625000000,  ,  , 32128, 39.8, 835096
Java, jython, 5,160.003845214843750000, 73.306884765625000000,  ,  , 31898, 38.7, 814112
Java, jython, 5,159.813659667968750000, 74.400146484375000000,  ,  , 31964, 38.7, 799332
Java, jython, 5,161.145629882812500000, 73.347106933593750000,  ,  , 32046, 38.8, 923116
Java, jython, 5,154.494018554687500000, 71.722167968750000000,  ,  , 30811, 38.6, 1008628
Java, jython, 5,163.192382812500000000, 74.293884277343750000,  ,  , 32523, 38.3, 941216
Java, jython, 5,161.866882324218750000, 75.475036621093750000,  ,  , 32315, 38.5, 838816
Java, avrora, 10,56.411315917968750000, 41.800048828125000000,  ,  , 5714, 42.5, 113084
Java, avrora, 10,56.562194824218750000, 41.469726562500000000,  ,  , 5793, 42.7, 118152
Java, avrora, 10,56.427795410156250000, 41.814514160156250000,  ,  , 5696, 44.1, 116068
Java, avrora, 10,56.591918945312500000, 41.884521484375000000,  ,  , 5725, 44.4, 111356
Java, avrora, 10,56.255798339843750000, 41.439086914062500000,  ,  , 5713, 44.4, 116260
Java, avrora, 10,56.211975097656250000, 41.460754394531250000,  ,  , 5703, 45.5, 113596
Java, avrora, 10,56.517150878906250000, 41.786621093750000000,  ,  , 5705, 44.1, 115216
Java, avrora, 10,56.327270507812500000, 41.663208007812500000,  ,  , 5695, 43.1, 118176
Java, avrora, 10,56.002014160156250000, 41.485168457031250000,  ,  , 5741, 42.8, 114656
Java, avrora, 10,57.066833496093750000, 41.955200195312500000,  ,  , 5836, 43.0, 115160
Java, batik, 10,53.449707031250000000, 36.800415039062500000,  ,  , 5337, 43.3, 471560
Java, batik, 10,52.893066406250000000, 36.655883789062500000,  ,  , 5266, 42.5, 466820
Java, batik, 10,54.734008789062500000, 37.022521972656250000,  ,  , 5444, 42.3, 448508
Java, batik, 10,53.785400390625000000, 36.873840332031250000,  ,  , 5353, 42.0, 471460
Java, batik, 10,55.347351074218750000, 37.357482910156250000,  ,  , 5519, 41.9, 459576
Java, batik, 10,54.466674804687500000, 36.975341796875000000,  ,  , 5443, 42.4, 458764
Java, batik, 10,54.360412597656250000, 37.226379394531250000,  ,  , 5416, 43.5, 452292
Java, batik, 10,55.252563476562500000, 37.778198242187500000,  ,  , 5465, 45.0, 480204
Java, batik, 10,56.213745117187500000, 38.474609375000000000,  ,  , 5617, 44.1, 464448
Java, batik, 10,55.408691406250000000, 37.410400390625000000,  ,  , 5505, 44.9, 466596
Java, biojava, 10,93.800109863281250000, 65.407958984375000000,  ,  , 9338, 42.9, 736508
Java, biojava, 10,93.487792968750000000, 65.195861816406250000,  ,  , 9313, 42.0, 706288
Java, biojava, 10,91.923400878906250000, 65.132934570312500000,  ,  , 9155, 41.6, 752224
Java, biojava, 10,92.257202148437500000, 64.630615234375000000,  ,  , 9176, 41.1, 726508
Java, biojava, 10,93.994506835937500000, 65.960144042968750000,  ,  , 9332, 41.6, 752136
Java, biojava, 10,93.919250488281250000, 64.625244140625000000,  ,  , 9338, 42.7, 749788
Java, biojava, 10,93.481506347656250000, 65.366638183593750000,  ,  , 9352, 44.6, 731340
Java, biojava, 10,93.056762695312500000, 64.807128906250000000,  ,  , 9251, 44.3, 737332
Java, biojava, 10,93.482055664062500000, 65.123718261718750000,  ,  , 9304, 43.0, 728256
Java, biojava, 10,93.238098144531250000, 64.891784667968750000,  ,  , 9284, 43.3, 745352
Java, eclipse, 10,420.725463867187500000, 251.667907714843750000,  ,  , 42041, 41.8, 1158336
Java, eclipse, 10,412.420837402343750000, 252.387084960937500000,  ,  , 41253, 42.6, 1239888
Java, eclipse, 10,421.130859375000000000, 252.465454101562500000,  ,  , 42167, 42.3, 1183344
Java, eclipse, 10,418.657043457031250000, 254.958801269531250000,  ,  , 41844, 43.8, 1165540
Java, eclipse, 10,417.194580078125000000, 250.552062988281250000,  ,  , 41726, 42.1, 1000328
Java, eclipse, 10,411.960876464843750000, 251.357421875000000000,  ,  , 41163, 43.1, 1369156
Java, eclipse, 10,421.922485351562500000, 252.793212890625000000,  ,  , 42138, 42.0, 1162256
Java, eclipse, 10,413.753479003906250000, 252.787170410156250000,  ,  , 41258, 42.5, 1125280
Java, eclipse, 10,416.554260253906250000, 252.925048828125000000,  ,  , 41624, 42.2, 903828
Java, eclipse, 10,408.320617675781250000, 256.175720214843750000,  ,  , 40749, 41.1, 889720
Java, kafka, 10,122.441528320312500000, 71.515563964843750000,  ,  , 12586, 44.1, 817024
Java, kafka, 10,123.529785156250000000, 71.689697265625000000,  ,  , 12666, 42.9, 792096
Java, kafka, 10,126.015136718750000000, 71.915954589843750000,  ,  , 12981, 42.0, 795884
Java, kafka, 10,122.225158691406250000, 70.289367675781250000,  ,  , 12615, 41.7, 801220
Java, kafka, 10,121.981384277343750000, 71.482299804687500000,  ,  , 12496, 41.0, 810552
Java, kafka, 10,122.133178710937500000, 71.344360351562500000,  ,  , 12506, 41.8, 823880
Java, kafka, 10,122.851623535156250000, 71.398132324218750000,  ,  , 12633, 42.4, 798112
Java, kafka, 10,124.862854003906250000, 72.017211914062500000,  ,  , 12803, 44.5, 927800
Java, kafka, 10,124.201354980468750000, 71.065246582031250000,  ,  , 12756, 42.5, 795476
Java, kafka, 10,124.333129882812500000, 71.547546386718750000,  ,  , 12804, 42.4, 802040
Java, spring, 10,279.944458007812500000, 170.605834960937500000,  ,  , 28028, 42.6, 1757600
Java, spring, 10,298.148010253906250000, 179.545471191406250000,  ,  , 29737, 44.3, 1682840
Java, spring, 10,283.060791015625000000, 172.727111816406250000,  ,  , 28178, 44.9, 1704012
Java, spring, 10,287.286376953125000000, 173.361694335937500000,  ,  , 28649, 43.6, 1744300
Java, spring, 10,279.328857421875000000, 169.486083984375000000,  ,  , 27819, 41.8, 1575824
Java, spring, 10,283.122802734375000000, 171.456420898437500000,  ,  , 28320, 44.1, 1630128
Java, spring, 10,279.789184570312500000, 169.869750976562500000,  ,  , 27833, 41.2, 1620596
Java, spring, 10,285.433593750000000000, 172.303833007812500000,  ,  , 28580, 43.7, 1716924
Java, spring, 10,292.050659179687500000, 176.043518066406250000,  ,  , 29087, 43.0, 1492308
Java, spring, 10,279.609497070312500000, 170.086975097656250000,  ,  , 27881, 40.5, 1565824
Java, tomcat, 10,192.865905761718750000, 118.224670410156250000,  ,  , 19128, 44.6, 861452
Java, tomcat, 10,190.424621582031250000, 116.871459960937500000,  ,  , 18841, 44.4, 785180
Java, tomcat, 10,194.691467285156250000, 119.457336425781250000,  ,  , 19285, 41.9, 804828
Java, tomcat, 10,189.304199218750000000, 118.175231933593750000,  ,  , 18938, 42.7, 769460
Java, tomcat, 10,193.200439453125000000, 118.633422851562500000,  ,  , 19117, 44.6, 796948
Java, tomcat, 10,196.212402343750000000, 120.916870117187500000,  ,  , 19426, 44.1, 854304
Java, tomcat, 10,184.236938476562500000, 115.047302246093750000,  ,  , 18247, 41.7, 813692
Java, tomcat, 10,192.357788085937500000, 117.337402343750000000,  ,  , 19306, 42.2, 757464
Java, tomcat, 10,193.077270507812500000, 118.791198730468750000,  ,  , 19258, 44.4, 886544
Java, tomcat, 10,190.200561523437500000, 118.387695312500000000,  ,  , 18826, 44.4, 817836
Java, graphchi, 10,154.721862792968750000, 108.193725585937500000,  ,  , 15324, 41.9, 1238228
Java, graphchi, 10,153.996032714843750000, 107.741821289062500000,  ,  , 15287, 43.3, 1358332
Java, graphchi, 10,156.047241210937500000, 108.875854492187500000,  ,  , 15499, 43.8, 1280244
Java, graphchi, 10,151.345031738281250000, 106.340942382812500000,  ,  , 14947, 41.8, 1330580
Java, graphchi, 10,152.760009765625000000, 106.445495605468750000,  ,  , 15241, 43.1, 1255908
Java, graphchi, 10,149.572875976562500000, 104.636230468750000000,  ,  , 14825, 44.6, 1304252
Java, graphchi, 10,152.739257812500000000, 106.737548828125000000,  ,  , 15106, 44.4, 1396552
Java, graphchi, 10,149.258178710937500000, 105.530700683593750000,  ,  , 14752, 41.4, 1558688
Java, graphchi, 10,147.994018554687500000, 103.831542968750000000,  ,  , 14758, 42.5, 1350372
Java, graphchi, 10,153.519287109375000000, 107.245056152343750000,  ,  , 15164, 43.9, 1298884
Java, jme, 10,50.912353515625000000, 27.350402832031250000,  ,  , 8274, 44.6, 211696
Java, jme, 10,50.583923339843750000, 27.609863281250000000,  ,  , 8218, 44.2, 217508
Java, jme, 10,50.332397460937500000, 27.111755371093750000,  ,  , 8223, 43.8, 204436
Java, jme, 10,51.353332519531250000, 27.858276367187500000,  ,  , 8236, 42.1, 205768
Java, jme, 10,50.941772460937500000, 27.627441406250000000,  ,  , 8281, 42.1, 217184
Java, jme, 10,50.587280273437500000, 27.876403808593750000,  ,  , 8233, 41.4, 203384
Java, jme, 10,49.551391601562500000, 27.214355468750000000,  ,  , 8313, 42.4, 202204
Java, jme, 10,50.742492675781250000, 27.272705078125000000,  ,  , 8268, 42.6, 214736
Java, jme, 10,51.277343750000000000, 27.961853027343750000,  ,  , 8269, 43.3, 215768
Java, jme, 10,50.794250488281250000, 27.207702636718750000,  ,  , 8279, 43.4, 223264
Java, jython, 10,127.915954589843750000, 84.523864746093750000,  ,  , 12585, 45.5, 864536
Java, jython, 10,129.606445312500000000, 83.867187500000000000,  ,  , 12736, 45.7, 744012
Java, jython, 10,128.149475097656250000, 83.671691894531250000,  ,  , 12577, 46.1, 941860
Java, jython, 10,128.681152343750000000, 83.139648437500000000,  ,  , 12652, 45.6, 836336
Java, jython, 10,130.428466796875000000, 84.147583007812500000,  ,  , 12873, 42.9, 774872
Java, jython, 10,127.340026855468750000, 83.016662597656250000,  ,  , 12596, 43.1, 771176
Java, jython, 10,128.401123046875000000, 84.338317871093750000,  ,  , 12726, 43.9, 791820
Java, jython, 10,127.983276367187500000, 82.631774902343750000,  ,  , 12635, 45.7, 827500
Java, jython, 10,127.592529296875000000, 82.968872070312500000,  ,  , 12487, 45.1, 793924
Java, jython, 10,127.636962890625000000, 83.360351562500000000,  ,  , 12565, 43.1, 724828
Java, avrora, 35,95.471374511718750000, 85.678039550781250000,  ,  , 3363, 51.4, 120504
Java, avrora, 35,94.719848632812500000, 85.288879394531250000,  ,  , 3272, 54.3, 118192
Java, avrora, 35,96.914184570312500000, 86.672058105468750000,  ,  , 3379, 55.4, 111868
Java, avrora, 35,95.333923339843750000, 86.088684082031250000,  ,  , 3275, 56.5, 115788
Java, avrora, 35,96.742004394531250000, 86.877258300781250000,  ,  , 3332, 54.2, 121172
Java, avrora, 35,95.466552734375000000, 85.687377929687500000,  ,  , 3296, 55.1, 113376
Java, avrora, 35,95.692687988281250000, 86.759399414062500000,  ,  , 3347, 55.1, 117404
Java, avrora, 35,95.556518554687500000, 86.461791992187500000,  ,  , 3351, 54.0, 118216
Java, avrora, 35,96.119567871093750000, 86.842712402343750000,  ,  , 3457, 54.5, 117132
Java, avrora, 35,95.468872070312500000, 86.228027343750000000,  ,  , 3406, 54.9, 120468
Java, batik, 35,78.950805664062500000, 69.001281738281250000,  ,  , 2745, 54.9, 491860
Java, batik, 35,77.941101074218750000, 68.086486816406250000,  ,  , 2720, 52.6, 454768
Java, batik, 35,77.474365234375000000, 67.576416015625000000,  ,  , 2719, 53.6, 462044
Java, batik, 35,76.420288085937500000, 66.550354003906250000,  ,  , 2684, 53.3, 479656
Java, batik, 35,77.560607910156250000, 67.660766601562500000,  ,  , 2735, 52.0, 463628
Java, batik, 35,76.742492675781250000, 66.793884277343750000,  ,  , 2693, 51.4, 485972
Java, batik, 35,79.157714843750000000, 68.906677246093750000,  ,  , 2764, 52.9, 467304
Java, batik, 35,80.003784179687500000, 69.801086425781250000,  ,  , 2794, 54.1, 468052
Java, batik, 35,76.425231933593750000, 66.763610839843750000,  ,  , 2701, 52.8, 465308
Java, batik, 35,76.404479980468750000, 66.562927246093750000,  ,  , 2714, 51.9, 468528
Java, biojava, 35,146.149536132812500000, 126.361206054687500000,  ,  , 5886, 54.9, 1012488
Java, biojava, 35,144.821166992187500000, 124.134155273437500000,  ,  , 5786, 54.2, 882756
Java, biojava, 35,141.190185546875000000, 121.469787597656250000,  ,  , 5790, 52.2, 739532
Java, biojava, 35,145.630737304687500000, 125.808532714843750000,  ,  , 5825, 54.4, 778032
Java, biojava, 35,144.554809570312500000, 124.712707519531250000,  ,  , 5922, 56.2, 1004908
Java, biojava, 35,139.411193847656250000, 118.264160156250000000,  ,  , 5870, 53.4, 773660
Java, biojava, 35,144.970092773437500000, 125.369445800781250000,  ,  , 5837, 54.9, 759828
Java, biojava, 35,139.663085937500000000, 117.667541503906250000,  ,  , 5905, 52.5, 755264
Java, biojava, 35,143.435363769531250000, 123.121887207031250000,  ,  , 5797, 53.3, 730380
Java, biojava, 35,140.736022949218750000, 121.045654296875000000,  ,  , 5936, 53.1, 753340
Java, eclipse, 35,574.163452148437500000, 488.984680175781250000,  ,  , 16991, 64.1, 1137380
Java, eclipse, 35,575.083129882812500000, 489.878173828125000000,  ,  , 17040, 63.1, 1269220
Java, eclipse, 35,571.457458496093750000, 487.598937988281250000,  ,  , 16953, 60.0, 1005584
Java, eclipse, 35,590.058105468750000000, 502.768188476562500000,  ,  , 17521, 63.2, 1160408
Java, eclipse, 35,575.487976074218750000, 490.833007812500000000,  ,  , 17035, 62.1, 1027224
Java, eclipse, 35,586.405395507812500000, 500.719421386718750000,  ,  , 17167, 62.7, 1279120
Java, eclipse, 35,576.528320312500000000, 491.407348632812500000,  ,  , 17089, 61.7, 1054716
Java, eclipse, 35,586.834289550781250000, 500.881530761718750000,  ,  , 17323, 63.6, 1107100
Java, eclipse, 35,579.158386230468750000, 492.878540039062500000,  ,  , 17146, 62.6, 1103124
Java, eclipse, 35,579.948364257812500000, 494.377014160156250000,  ,  , 17162, 65.5, 992832
Java, kafka, 35,203.244812011718750000, 169.213256835937500000,  ,  , 8432, 50.0, 725520
Java, kafka, 35,199.425720214843750000, 166.454040527343750000,  ,  , 8401, 51.1, 838292
Java, kafka, 35,195.434875488281250000, 162.813293457031250000,  ,  , 8400, 51.1, 916540
Java, kafka, 35,199.401611328125000000, 166.288330078125000000,  ,  , 8314, 50.3, 882332
Java, kafka, 35,198.045837402343750000, 165.165893554687500000,  ,  , 8450, 51.7, 756600
Java, kafka, 35,198.972839355468750000, 165.891540527343750000,  ,  , 8405, 51.6, 695852
Java, kafka, 35,200.675292968750000000, 167.761108398437500000,  ,  , 8455, 50.1, 875148
Java, kafka, 35,200.016723632812500000, 166.410156250000000000,  ,  , 8493, 50.9, 868624
Java, kafka, 35,203.594787597656250000, 169.995788574218750000,  ,  , 8530, 51.4, 706012
Java, kafka, 35,197.401367187500000000, 164.653320312500000000,  ,  , 8398, 50.9, 743296
Java, spring, 35,350.010498046875000000, 293.809692382812500000,  ,  , 10015, 54.8, 1610040
Java, spring, 35,345.595642089843750000, 291.896057128906250000,  ,  , 9879, 53.2, 1481412
Java, spring, 35,351.433288574218750000, 294.946166992187500000,  ,  , 10056, 53.5, 1549760
Java, spring, 35,346.810546875000000000, 291.030029296875000000,  ,  , 9949, 53.4, 1469012
Java, spring, 35,349.876525878906250000, 293.783996582031250000,  ,  , 10044, 55.1, 1545004
Java, spring, 35,337.002990722656250000, 282.750854492187500000,  ,  , 9681, 53.0, 1598624
Java, spring, 35,355.409301757812500000, 297.869934082031250000,  ,  , 10200, 54.1, 1623016
Java, spring, 35,348.709960937500000000, 293.082214355468750000,  ,  , 10004, 54.6, 1467508
Java, spring, 35,353.988769531250000000, 297.475097656250000000,  ,  , 10153, 54.3, 1579484
Java, spring, 35,343.582458496093750000, 288.328125000000000000,  ,  , 9860, 55.2, 1561796
Java, tomcat, 35,286.309692382812500000, 243.156921386718750000,  ,  , 9453, 58.4, 683204
Java, tomcat, 35,284.086364746093750000, 240.805236816406250000,  ,  , 9344, 53.4, 748232
Java, tomcat, 35,290.296142578125000000, 246.332702636718750000,  ,  , 9489, 58.6, 645048
Java, tomcat, 35,285.513854980468750000, 242.298217773437500000,  ,  , 9363, 58.4, 733480
Java, tomcat, 35,288.954467773437500000, 245.382446289062500000,  ,  , 9473, 58.6, 696284
Java, tomcat, 35,291.868713378906250000, 248.159301757812500000,  ,  , 9536, 56.2, 735340
Java, tomcat, 35,291.329223632812500000, 247.504028320312500000,  ,  , 9440, 53.1, 685820
Java, tomcat, 35,285.082031250000000000, 241.868469238281250000,  ,  , 9394, 52.4, 744368
Java, tomcat, 35,286.747802734375000000, 242.729553222656250000,  ,  , 9415, 52.4, 647908
Java, tomcat, 35,285.652770996093750000, 242.960144042968750000,  ,  , 9349, 55.1, 670416
Java, graphchi, 35,230.335327148437500000, 200.187988281250000000,  ,  , 8987, 48.7, 1455784
Java, graphchi, 35,231.431030273437500000, 201.911743164062500000,  ,  , 8682, 52.3, 1612596
Java, graphchi, 35,232.667419433593750000, 203.540466308593750000,  ,  , 8727, 52.6, 1326008
Java, graphchi, 35,230.231994628906250000, 200.601013183593750000,  ,  , 8586, 52.7, 1280988
Java, graphchi, 35,219.123107910156250000, 190.909667968750000000,  ,  , 8291, 51.3, 1380688
Java, graphchi, 35,228.027832031250000000, 198.876403808593750000,  ,  , 8609, 50.9, 1377932
Java, graphchi, 35,222.268798828125000000, 193.834533691406250000,  ,  , 8336, 52.5, 1368464
Java, graphchi, 35,237.699462890625000000, 207.811401367187500000,  ,  , 8867, 52.6, 1662608
Java, graphchi, 35,233.073486328125000000, 203.322692871093750000,  ,  , 8739, 53.8, 1343564
Java, graphchi, 35,230.628845214843750000, 201.484619140625000000,  ,  , 8630, 51.8, 1659540
Java, jme, 35,60.725463867187500000, 38.692565917968750000,  ,  , 7664, 42.4, 224188
Java, jme, 35,60.434570312500000000, 38.854797363281250000,  ,  , 7639, 42.1, 209484
Java, jme, 35,59.524719238281250000, 37.984558105468750000,  ,  , 7633, 40.4, 221824
Java, jme, 35,60.221313476562500000, 39.010803222656250000,  ,  , 7645, 41.1, 207240
Java, jme, 35,59.974548339843750000, 38.301208496093750000,  ,  , 7656, 42.9, 202868
Java, jme, 35,60.890319824218750000, 38.729492187500000000,  ,  , 7673, 42.1, 207732
Java, jme, 35,60.333984375000000000, 38.747253417968750000,  ,  , 7704, 41.4, 203688
Java, jme, 35,60.426025390625000000, 39.037292480468750000,  ,  , 7656, 42.1, 191176
Java, jme, 35,61.191833496093750000, 38.986938476562500000,  ,  , 7705, 43.4, 216784
Java, jme, 35,61.232482910156250000, 39.058593750000000000,  ,  , 7675, 42.9, 191520
Java, jython, 35,192.406555175781250000, 168.261230468750000000,  ,  , 6011, 57.4, 882168
Java, jython, 35,191.660217285156250000, 167.035217285156250000,  ,  , 6063, 56.4, 824140
Java, jython, 35,193.794860839843750000, 168.710205078125000000,  ,  , 6122, 56.4, 820276
Java, jython, 35,193.105895996093750000, 167.989135742187500000,  ,  , 6109, 55.8, 761024
Java, jython, 35,189.212585449218750000, 164.712463378906250000,  ,  , 6065, 56.4, 868952
Java, jython, 35,192.468261718750000000, 167.992736816406250000,  ,  , 6043, 58.2, 825308
Java, jython, 35,192.533996582031250000, 167.911804199218750000,  ,  , 6028, 57.1, 823844
Java, jython, 35,190.609680175781250000, 165.926940917968750000,  ,  , 5984, 56.1, 742296
Java, jython, 35,196.547485351562500000, 170.934814453125000000,  ,  , 6140, 56.5, 801348
Java, jython, 35,190.993896484375000000, 166.121154785156250000,  ,  , 6136, 58.0, 873164
Java, avrora, 45,96.352233886718750000, 87.386474609375000000,  ,  , 3363, 53.1, 108696
Java, avrora, 45,96.303405761718750000, 86.922241210937500000,  ,  , 3463, 54.1, 114640
Java, avrora, 45,97.009948730468750000, 87.573486328125000000,  ,  , 3445, 53.9, 120128
Java, avrora, 45,95.379516601562500000, 86.457641601562500000,  ,  , 3318, 54.4, 107824
Java, avrora, 45,95.754577636718750000, 86.808471679687500000,  ,  , 3281, 55.8, 115772
Java, avrora, 45,95.189758300781250000, 86.470336914062500000,  ,  , 3298, 56.8, 114328
Java, avrora, 45,96.050109863281250000, 86.714965820312500000,  ,  , 3416, 54.6, 118420
Java, avrora, 45,96.714538574218750000, 87.628234863281250000,  ,  , 3354, 55.6, 111568
Java, avrora, 45,96.692504882812500000, 87.386352539062500000,  ,  , 3390, 55.8, 113904
Java, avrora, 45,96.071594238281250000, 87.275817871093750000,  ,  , 3336, 54.2, 117276
Java, batik, 45,83.925292968750000000, 74.527465820312500000,  ,  , 2591, 52.1, 478244
Java, batik, 45,84.373291015625000000, 74.983032226562500000,  ,  , 2587, 52.4, 479072
Java, batik, 45,84.427062988281250000, 75.166320800781250000,  ,  , 2606, 51.5, 467540
Java, batik, 45,85.187683105468750000, 75.472106933593750000,  ,  , 2622, 54.1, 465516
Java, batik, 45,84.023437500000000000, 74.735412597656250000,  ,  , 2593, 53.5, 444332
Java, batik, 45,84.091430664062500000, 74.721923828125000000,  ,  , 2572, 53.3, 476712
Java, batik, 45,83.837707519531250000, 74.349548339843750000,  ,  , 2580, 54.4, 483680
Java, batik, 45,89.836853027343750000, 79.956542968750000000,  ,  , 2714, 52.7, 465548
Java, batik, 45,82.540161132812500000, 73.213317871093750000,  ,  , 2563, 53.4, 468204
Java, batik, 45,86.376770019531250000, 76.572326660156250000,  ,  , 2650, 53.1, 459248
Java, biojava, 45,142.017822265625000000, 121.893554687500000000,  ,  , 5939, 53.4, 769704
Java, biojava, 45,138.126647949218750000, 117.754272460937500000,  ,  , 5975, 53.4, 782412
Java, biojava, 45,138.433654785156250000, 118.232788085937500000,  ,  , 5900, 53.6, 724584
Java, biojava, 45,138.261596679687500000, 118.334838867187500000,  ,  , 5952, 54.4, 749260
Java, biojava, 45,144.184387207031250000, 124.806823730468750000,  ,  , 5824, 53.4, 772576
Java, biojava, 45,144.788452148437500000, 124.833557128906250000,  ,  , 5938, 54.4, 762900
Java, biojava, 45,143.288574218750000000, 123.534484863281250000,  ,  , 5853, 54.1, 735404
Java, biojava, 45,141.167724609375000000, 121.412536621093750000,  ,  , 5854, 55.8, 754760
Java, biojava, 45,145.438842773437500000, 125.521057128906250000,  ,  , 5915, 54.4, 740764
Java, biojava, 45,138.853820800781250000, 119.151855468750000000,  ,  , 5878, 54.6, 751992
Java, eclipse, 45,660.018371582031250000, 582.901428222656250000,  ,  , 16072, 62.9, 925804
Java, eclipse, 45,632.665832519531250000, 552.193054199218750000,  ,  , 15999, 62.9, 1090736
Java, eclipse, 45,633.311889648437500000, 552.659240722656250000,  ,  , 16014, 64.4, 917824
Java, eclipse, 45,630.919311523437500000, 550.319396972656250000,  ,  , 16016, 65.3, 1210488
Java, eclipse, 45,629.902770996093750000, 549.130554199218750000,  ,  , 16040, 64.0, 994532
Java, eclipse, 45,637.884399414062500000, 555.575378417968750000,  ,  , 16256, 63.9, 1012444
Java, eclipse, 45,632.009155273437500000, 550.687316894531250000,  ,  , 16054, 65.7, 1172316
Java, eclipse, 45,627.407287597656250000, 546.990661621093750000,  ,  , 15963, 67.2, 1314092
Java, eclipse, 45,627.775451660156250000, 546.333557128906250000,  ,  , 15924, 66.8, 997888
Java, eclipse, 45,634.196777343750000000, 552.844970703125000000,  ,  , 16000, 66.6, 1059636
Java, kafka, 45,210.757141113281250000, 177.986083984375000000,  ,  , 8384, 50.3, 906104
Java, kafka, 45,209.103515625000000000, 176.355712890625000000,  ,  , 8408, 51.4, 862820
Java, kafka, 45,211.835876464843750000, 176.400024414062500000,  ,  , 8501, 50.9, 747376
Java, kafka, 45,212.181457519531250000, 177.180419921875000000,  ,  , 8334, 50.9, 705128
Java, kafka, 45,215.560913085937500000, 179.820678710937500000,  ,  , 8404, 51.1, 708300
Java, kafka, 45,212.649719238281250000, 177.070129394531250000,  ,  , 8458, 50.5, 703240
Java, kafka, 45,210.825744628906250000, 175.728332519531250000,  ,  , 8488, 51.1, 777360
Java, kafka, 45,211.152954101562500000, 175.460021972656250000,  ,  , 8487, 51.8, 752184
Java, kafka, 45,212.027587890625000000, 176.641357421875000000,  ,  , 8391, 51.8, 716304
Java, kafka, 45,216.827514648437500000, 180.755004882812500000,  ,  , 8452, 50.8, 803432
Java, spring, 45,401.663208007812500000, 349.984436035156250000,  ,  , 9114, 59.2, 1556192
Java, spring, 45,392.682739257812500000, 342.297302246093750000,  ,  , 8948, 57.9, 1542372
Java, spring, 45,401.187500000000000000, 349.485107421875000000,  ,  , 9151, 57.7, 1566844
Java, spring, 45,404.266540527343750000, 351.750305175781250000,  ,  , 9187, 57.4, 1498380
Java, spring, 45,394.979614257812500000, 343.531372070312500000,  ,  , 9040, 56.1, 1594180
Java, spring, 45,401.406188964843750000, 349.567382812500000000,  ,  , 9197, 58.6, 1572476
Java, spring, 45,401.410095214843750000, 348.898437500000000000,  ,  , 9181, 58.1, 1538168
Java, spring, 45,403.410766601562500000, 351.656860351562500000,  ,  , 9218, 58.1, 1440568
Java, spring, 45,397.866760253906250000, 346.457946777343750000,  ,  , 9102, 57.8, 1453948
Java, spring, 45,409.762268066406250000, 357.097473144531250000,  ,  , 9293, 59.2, 1597500
Java, tomcat, 45,315.277038574218750000, 272.474731445312500000,  ,  , 9268, 57.6, 675196
Java, tomcat, 45,309.337280273437500000, 268.302307128906250000,  ,  , 9011, 57.3, 641584
Java, tomcat, 45,313.230346679687500000, 270.885253906250000000,  ,  , 9055, 55.7, 603604
Java, tomcat, 45,316.918090820312500000, 274.996276855468750000,  ,  , 9214, 60.5, 686952
Java, tomcat, 45,318.926635742187500000, 275.887207031250000000,  ,  , 9323, 53.6, 695100
Java, tomcat, 45,309.008483886718750000, 267.052795410156250000,  ,  , 9114, 55.9, 676176
Java, tomcat, 45,316.245178222656250000, 273.895019531250000000,  ,  , 9149, 59.1, 652436
Java, tomcat, 45,318.216003417968750000, 276.565734863281250000,  ,  , 9156, 59.8, 702016
Java, tomcat, 45,312.039916992187500000, 268.984497070312500000,  ,  , 9147, 52.0, 647052
Java, tomcat, 45,317.605651855468750000, 272.338439941406250000,  ,  , 9275, 56.7, 691444
Java, graphchi, 45,223.301940917968750000, 191.566528320312500000,  ,  , 9108, 47.9, 1477120
Java, graphchi, 45,235.608398437500000000, 203.319030761718750000,  ,  , 9148, 51.3, 1303128
Java, graphchi, 45,229.354980468750000000, 198.540588378906250000,  ,  , 9117, 49.9, 1466476
Java, graphchi, 45,233.387878417968750000, 204.339538574218750000,  ,  , 8544, 51.6, 1186660
Java, graphchi, 45,237.190063476562500000, 207.344482421875000000,  ,  , 8796, 52.1, 1493500
Java, graphchi, 45,218.707946777343750000, 188.546936035156250000,  ,  , 8937, 50.0, 1544184
Java, graphchi, 45,231.130065917968750000, 202.206420898437500000,  ,  , 8401, 52.4, 1610216
Java, graphchi, 45,221.166687011718750000, 191.235229492187500000,  ,  , 8707, 48.8, 1576284
Java, graphchi, 45,229.933532714843750000, 199.950927734375000000,  ,  , 9000, 49.1, 1738548
Java, graphchi, 45,240.827697753906250000, 209.962707519531250000,  ,  , 9112, 50.4, 1636956
Java, jme, 45,61.591308593750000000, 39.594726562500000000,  ,  , 7655, 42.6, 223500
Java, jme, 45,62.746582031250000000, 40.565307617187500000,  ,  , 7634, 42.4, 216592
Java, jme, 45,61.630310058593750000, 39.795471191406250000,  ,  , 7634, 41.2, 212908
Java, jme, 45,60.448791503906250000, 39.318237304687500000,  ,  , 7632, 40.6, 191424
Java, jme, 45,61.451538085937500000, 39.791198730468750000,  ,  , 7654, 42.4, 200048
Java, jme, 45,61.756652832031250000, 39.472534179687500000,  ,  , 7669, 42.8, 204300
Java, jme, 45,62.029174804687500000, 39.647094726562500000,  ,  , 7659, 43.6, 190596
Java, jme, 45,62.699096679687500000, 40.627380371093750000,  ,  , 7651, 42.2, 202268
Java, jme, 45,61.430114746093750000, 39.634826660156250000,  ,  , 7664, 41.3, 190124
Java, jme, 45,62.806457519531250000, 40.845703125000000000,  ,  , 7684, 42.4, 225296
Java, jython, 45,207.853820800781250000, 183.751770019531250000,  ,  , 5966, 56.0, 839432
Java, jython, 45,206.789123535156250000, 182.542724609375000000,  ,  , 5997, 57.0, 795756
Java, jython, 45,210.333374023437500000, 186.188537597656250000,  ,  , 5888, 59.0, 918668
Java, jython, 45,205.043029785156250000, 181.417724609375000000,  ,  , 5719, 58.0, 849680
Java, jython, 45,207.481140136718750000, 183.680175781250000000,  ,  , 5844, 56.6, 903740
Java, jython, 45,206.348876953125000000, 182.238159179687500000,  ,  , 5923, 56.1, 864532
Java, jython, 45,204.917175292968750000, 181.252075195312500000,  ,  , 5771, 57.3, 812504
Java, jython, 45,208.739562988281250000, 184.348327636718750000,  ,  , 5948, 56.9, 862556
Java, jython, 45,202.023132324218750000, 178.651672363281250000,  ,  , 5793, 56.9, 867800
Java, jython, 45,205.611755371093750000, 181.827636718750000000,  ,  , 5876, 56.8, 808896
Java, avrora, 115,96.943298339843750000, 87.263977050781250000,  ,  , 3319, 53.7, 113412
Java, avrora, 115,95.244140625000000000, 86.198242187500000000,  ,  , 3276, 55.3, 120284
Java, avrora, 115,95.443054199218750000, 86.620971679687500000,  ,  , 3312, 55.1, 110896
Java, avrora, 115,96.545349121093750000, 87.451965332031250000,  ,  , 3400, 56.1, 118320
Java, avrora, 115,96.842834472656250000, 87.586730957031250000,  ,  , 3368, 54.7, 111520
Java, avrora, 115,96.276306152343750000, 87.022338867187500000,  ,  , 3401, 55.5, 115832
Java, avrora, 115,95.877136230468750000, 86.881164550781250000,  ,  , 3354, 55.2, 107896
Java, avrora, 115,95.923217773437500000, 86.711059570312500000,  ,  , 3455, 55.3, 115448
Java, avrora, 115,96.435913085937500000, 87.151733398437500000,  ,  , 3431, 54.6, 113612
Java, avrora, 115,96.221191406250000000, 86.996276855468750000,  ,  , 3449, 55.1, 119124
Java, batik, 115,89.139587402343750000, 79.903381347656250000,  ,  , 2525, 53.0, 460488
Java, batik, 115,89.357116699218750000, 80.133605957031250000,  ,  , 2558, 53.2, 443152
Java, batik, 115,90.121948242187500000, 80.932189941406250000,  ,  , 2596, 53.6, 470612
Java, batik, 115,89.082214355468750000, 79.955200195312500000,  ,  , 2513, 54.1, 498308
Java, batik, 115,91.176025390625000000, 81.654602050781250000,  ,  , 2595, 54.2, 494120
Java, batik, 115,90.986877441406250000, 81.578308105468750000,  ,  , 2604, 54.1, 458404
Java, batik, 115,91.817016601562500000, 82.199829101562500000,  ,  , 2645, 54.5, 474640
Java, batik, 115,90.778137207031250000, 81.267333984375000000,  ,  , 2608, 53.5, 478748
Java, batik, 115,94.671203613281250000, 84.813659667968750000,  ,  , 2718, 52.6, 456024
Java, batik, 115,88.276306152343750000, 78.387573242187500000,  ,  , 2778, 50.1, 470992
Java, biojava, 115,142.908081054687500000, 123.234558105468750000,  ,  , 5763, 54.9, 778812
Java, biojava, 115,145.798095703125000000, 125.682189941406250000,  ,  , 5838, 53.6, 791384
Java, biojava, 115,140.063720703125000000, 120.027709960937500000,  ,  , 5855, 55.4, 745516
Java, biojava, 115,144.005554199218750000, 124.417846679687500000,  ,  , 5827, 54.2, 820016
Java, biojava, 115,144.114685058593750000, 124.437683105468750000,  ,  , 5837, 55.7, 795144
Java, biojava, 115,138.174316406250000000, 117.873291015625000000,  ,  , 5959, 53.4, 769048
Java, biojava, 115,142.376953125000000000, 122.752136230468750000,  ,  , 5780, 52.9, 747328
Java, biojava, 115,143.343444824218750000, 123.528381347656250000,  ,  , 5891, 55.5, 977804
Java, biojava, 115,137.091674804687500000, 117.210937500000000000,  ,  , 5907, 53.1, 763748
Java, biojava, 115,144.628784179687500000, 124.646301269531250000,  ,  , 5856, 54.2, 782448
Java, eclipse, 115,666.319458007812500000, 585.612243652343750000,  ,  , 15842, 60.1, 951308
Java, eclipse, 115,703.172973632812500000, 625.232849121093750000,  ,  , 16148, 66.5, 968948
Java, eclipse, 115,667.789123535156250000, 587.384582519531250000,  ,  , 15858, 64.3, 1053116
Java, eclipse, 115,665.992553710937500000, 584.894897460937500000,  ,  , 15968, 64.3, 995236
Java, eclipse, 115,668.321960449218750000, 587.187988281250000000,  ,  , 16013, 65.9, 1021552
Java, eclipse, 115,678.346923828125000000, 597.600891113281250000,  ,  , 15793, 66.7, 931616
Java, eclipse, 115,668.175598144531250000, 588.065002441406250000,  ,  , 15860, 66.4, 1166404
Java, eclipse, 115,672.967102050781250000, 591.053833007812500000,  ,  , 16045, 64.6, 1078240
Java, eclipse, 115,678.744567871093750000, 597.202697753906250000,  ,  , 15892, 67.8, 1008504
Java, eclipse, 115,680.165649414062500000, 598.570922851562500000,  ,  , 16127, 64.7, 1073052
Java, kafka, 115,209.966491699218750000, 177.968444824218750000,  ,  , 8325, 50.5, 854624
Java, kafka, 115,212.013977050781250000, 179.632324218750000000,  ,  , 8455, 51.4, 846616
Java, kafka, 115,213.097351074218750000, 180.132019042968750000,  ,  , 8456, 50.5, 744340
Java, kafka, 115,213.963317871093750000, 181.342712402343750000,  ,  , 8399, 50.7, 878784
Java, kafka, 115,221.956542968750000000, 186.204284667968750000,  ,  , 8428, 50.5, 883776
Java, kafka, 115,229.862792968750000000, 191.537780761718750000,  ,  , 8416, 53.4, 732576
Java, kafka, 115,214.725646972656250000, 181.230346679687500000,  ,  , 8403, 52.3, 753076
Java, kafka, 115,212.667785644531250000, 179.400756835937500000,  ,  , 8335, 50.9, 878688
Java, kafka, 115,209.874938964843750000, 176.994384765625000000,  ,  , 8271, 51.6, 873376
Java, kafka, 115,211.659851074218750000, 178.438293457031250000,  ,  , 8452, 51.6, 887600
Java, spring, 115,314.020812988281250000, 237.582702636718750000,  ,  , 16818, 43.7, 1691912
Java, spring, 115,299.740295410156250000, 228.703308105468750000,  ,  , 14855, 46.1, 1670076
Java, spring, 115,323.456726074218750000, 259.078796386718750000,  ,  , 12867, 46.9, 1525116
Java, spring, 115,350.206298828125000000, 284.665954589843750000,  ,  , 12706, 47.1, 1649820
Java, spring, 115,380.557128906250000000, 320.485473632812500000,  ,  , 11048, 49.1, 1620920
Java, spring, 115,458.473205566406250000, 407.198669433593750000,  ,  , 8894, 61.6, 1563220
Java, spring, 115,444.145690917968750000, 394.463867187500000000,  ,  , 8728, 61.7, 1447312
Java, spring, 115,460.403503417968750000, 408.810791015625000000,  ,  , 9054, 60.0, 1450688
Java, spring, 115,439.647583007812500000, 390.490722656250000000,  ,  , 8642, 62.0, 1427892
Java, spring, 115,444.272033691406250000, 394.708007812500000000,  ,  , 8792, 60.2, 1446804
Java, tomcat, 115,332.255126953125000000, 290.890136718750000000,  ,  , 9066, 54.1, 647192
Java, tomcat, 115,335.783813476562500000, 292.918518066406250000,  ,  , 9056, 55.2, 651784
Java, tomcat, 115,336.271301269531250000, 294.727172851562500000,  ,  , 9103, 59.4, 675012
Java, tomcat, 115,325.710998535156250000, 284.805847167968750000,  ,  , 9048, 53.3, 646736
Java, tomcat, 115,335.070068359375000000, 293.643432617187500000,  ,  , 9140, 52.9, 701376
Java, tomcat, 115,327.995788574218750000, 287.088500976562500000,  ,  , 8980, 55.2, 673860
Java, tomcat, 115,330.888793945312500000, 289.248596191406250000,  ,  , 8996, 59.3, 672712
Java, tomcat, 115,336.014282226562500000, 293.799011230468750000,  ,  , 9169, 52.6, 682620
Java, tomcat, 115,336.087585449218750000, 294.763977050781250000,  ,  , 9125, 53.9, 625012
Java, tomcat, 115,333.576660156250000000, 291.900024414062500000,  ,  , 9040, 52.5, 641572
Java, graphchi, 115,232.713745117187500000, 203.796997070312500000,  ,  , 8957, 52.2, 1318860
Java, graphchi, 115,225.960937500000000000, 195.344238281250000000,  ,  , 8991, 51.8, 1312812
Java, graphchi, 115,222.062133789062500000, 193.141174316406250000,  ,  , 8507, 53.1, 1297888
Java, graphchi, 115,238.590881347656250000, 208.765502929687500000,  ,  , 8743, 49.5, 1357180
Java, graphchi, 115,226.347290039062500000, 196.447570800781250000,  ,  , 8987, 47.4, 1346256
Java, graphchi, 115,232.427246093750000000, 203.227355957031250000,  ,  , 8821, 52.5, 1506608
Java, graphchi, 115,213.401611328125000000, 183.883850097656250000,  ,  , 8710, 49.5, 1601940
Java, graphchi, 115,224.406982421875000000, 194.061645507812500000,  ,  , 8832, 49.5, 1554396
Java, graphchi, 115,225.084899902343750000, 194.555358886718750000,  ,  , 9128, 48.9, 1371596
Java, graphchi, 115,242.953186035156250000, 213.377197265625000000,  ,  , 8725, 49.7, 1435992
Java, jme, 115,60.740356445312500000, 39.148803710937500000,  ,  , 7630, 42.4, 206892
Java, jme, 115,61.640136718750000000, 39.943603515625000000,  ,  , 7666, 42.4, 211324
Java, jme, 115,60.254028320312500000, 38.567565917968750000,  ,  , 7621, 40.9, 203928
Java, jme, 115,61.710998535156250000, 40.124572753906250000,  ,  , 7640, 41.6, 214048
Java, jme, 115,60.914672851562500000, 39.348022460937500000,  ,  , 7648, 41.6, 203124
Java, jme, 115,59.506408691406250000, 38.807067871093750000,  ,  , 7632, 40.9, 190252
Java, jme, 115,61.279724121093750000, 39.879089355468750000,  ,  , 7662, 43.0, 214324
Java, jme, 115,60.776611328125000000, 38.930175781250000000,  ,  , 7639, 43.1, 216372
Java, jme, 115,62.747802734375000000, 40.882141113281250000,  ,  , 7641, 43.1, 206220
Java, jme, 115,62.804748535156250000, 40.556518554687500000,  ,  , 7660, 42.6, 203388
Java, jython, 115,212.767883300781250000, 189.698913574218750000,  ,  , 5688, 53.9, 831012
Java, jython, 115,215.127380371093750000, 191.780273437500000000,  ,  , 5804, 57.1, 868380
Java, jython, 115,210.512084960937500000, 187.268737792968750000,  ,  , 5786, 56.6, 733552
Java, jython, 115,209.781738281250000000, 186.335510253906250000,  ,  , 5852, 58.8, 804252
Java, jython, 115,215.007934570312500000, 192.011596679687500000,  ,  , 5754, 57.9, 923372
Java, jython, 115,218.774108886718750000, 195.016784667968750000,  ,  , 5867, 57.1, 894144
Java, jython, 115,221.228576660156250000, 197.261108398437500000,  ,  , 5865, 57.2, 740612
Java, jython, 115,212.913146972656250000, 190.022216796875000000,  ,  , 5820, 56.2, 808336
Java, jython, 115,219.710571289062500000, 195.639709472656250000,  ,  , 5972, 58.5, 873628
Java, jython, 115,210.059692382812500000, 186.718994140625000000,  ,  , 5775, 56.8, 732200
